Nome attuale,Ruolo,Importanza,Nuovo nome
Giuseppe / Beps,"Protagonista giocabile: informatico, investigazione e finale",Massima,
Federica / Kiki,"Coprotagonista giocabile: restauratrice, discendente di Ada; legame e finale",Massima,
Aurelio Varano,"Notaio, antagonista ambiguo; Ruolo XI, Bilancia/Notaio; segue tutta la storia",Molto alta,
Hélène Marchetti,"Fotografa a Parigi; attuale Euridice, grande rivelazione nel capitolo 6",Alta,
Ottavia Ricci,"Capo archivista a Firenze; apre il catalogo, figlia del Barcaiolo",Media,
Don Ilario Cesti,"Bibliotecario a Roma; Ruolo XIV, Libraio; guida nella biblioteca",Media,
Stefano Neri / Mastro Neri,"Orafo al Ponte Vecchio; Ruolo XV, Custode delle Chiavi; aiuta col Sigillo",Media,
Selim Aydın,"Antiquario a Istanbul; Ruolo XVI, Traduttore; memoria di Orfeo",Media,
Sandro,Capocantiere: apre la stanza murata dopo il caffè,Secondaria,
Tommaso (barista),Barista al Caffè delle Logge; offre indizi e la fotografia,Secondaria,
Monsieur Albert,Bouquiniste a Parigi; consegna libretto e mappa,Secondaria,
Dott.ssa Bellandi,Responsabile della banca a Firenze; accesso alla cassetta,Secondaria,
Emre,Ragazzo del tè a Istanbul; aiuta a trovare antiquario e leva,Secondaria,
La donna in nero,Figura ricorrente nelle foto e incontri; legata alla successione di Euridice,Misteriosa,
Agenti di Orfeo (2),Uomini del Notaio; inseguimento a Roma,Breve,
Custode di Orfeo,"Ruolo VII, Cronista; incontro secondario",Breve,
Ada Morel,"Nonna di Kiki, Euridice del 1967; voce dei nastri e diario",Molto alta,
Lucia Morel,Euridice del 1944; figura nella prima fotografia,Alta,
Guido Sarti,"Ruolo XVII, Ponte; nome cancellato, centro degli enigmi finali",Molto alta,
Ettore Varano,"Padre di Aurelio; Notaio nel 1967, falsifica il verbale",Alta,
Bruno Varano,"Nonno di Aurelio; Notaio nel 1944, delatore",Alta,
Lina Varano,Nonna di Aurelio; salva trenta persone e ne cambia il giudizio,Alta,
Jacques Marchetti,"Padre di Hélène, fotografo della foto del 1967",Media,
Renzo Ricci,Padre di Ottavia; Barcaiolo nel 1944,Media,
Nermin Aydın,Madre di Selim; Traduttore nel 1944,Media,
Nonno Gigi,Nonno di Beps nella fotografia dello studio,Breve,
Pietro Lanzoni,Orfeo nel 1944,Lista dei 17,
Marco Testi,Orfeo nel 1967,Lista dei 17,
Ernesto Valli,Cartografo nel 1944,Lista dei 17,
Sandra Valli,Cartografa dal 1972,Lista dei 17,
Bice Ferroni,Archivista nel 1944,Lista dei 17,
Ines Bardi,Sarta nel 1944,Lista dei 17,
Dott. Aldo Segre,Medico nel 1944,Lista dei 17,
Fra’ Teodoro,Campanaro nel 1944,Lista dei 17,
Maria Pace,Maestra nel 1944,Lista dei 17,
Gino Fabbri,Ferroviere nel 1944,Lista dei 17,
Oreste Neri,Custode delle Chiavi nel 1944,Lista dei 17,
Tommaso Neri,Custode delle Chiavi nel 1967: diverso dal barista Tommaso,Lista dei 17,
Tipografo anonimo,Nome non rivelato; Tipografo nel 1944,Lista dei 17,
Daguerre,Gatto dello Studio Marchetti; compare anche un gatto a Istanbul,Animale,
